{
  "ABIRoot": {
    "kind": "Root",
    "name": "WortiseIosWrapper",
    "printedName": "WortiseIosWrapper",
    "children": [
      {
        "kind": "Import",
        "name": "Foundation",
        "printedName": "Foundation",
        "declKind": "Import",
        "moduleName": "WortiseIosWrapper"
      },
      {
        "kind": "Import",
        "name": "WortiseSDK",
        "printedName": "WortiseSDK",
        "declKind": "Import",
        "moduleName": "WortiseIosWrapper"
      },
      {
        "kind": "Import",
        "name": "UIKit",
        "printedName": "UIKit",
        "declKind": "Import",
        "moduleName": "WortiseIosWrapper"
      },
      {
        "kind": "Import",
        "name": "Foundation",
        "printedName": "Foundation",
        "declKind": "Import",
        "moduleName": "WortiseIosWrapper"
      },
      {
        "kind": "Import",
        "name": "WortiseSDK",
        "printedName": "WortiseSDK",
        "declKind": "Import",
        "moduleName": "WortiseIosWrapper"
      },
      {
        "kind": "Import",
        "name": "UIKit",
        "printedName": "UIKit",
        "declKind": "Import",
        "moduleName": "WortiseIosWrapper"
      },
      {
        "kind": "Import",
        "name": "UIKit",
        "printedName": "UIKit",
        "declKind": "Import",
        "moduleName": "WortiseIosWrapper"
      },
      {
        "kind": "Import",
        "name": "Foundation",
        "printedName": "Foundation",
        "declKind": "Import",
        "moduleName": "WortiseIosWrapper"
      },
      {
        "kind": "Import",
        "name": "WortiseSDK",
        "printedName": "WortiseSDK",
        "declKind": "Import",
        "moduleName": "WortiseIosWrapper"
      },
      {
        "kind": "Import",
        "name": "Foundation",
        "printedName": "Foundation",
        "declKind": "Import",
        "moduleName": "WortiseIosWrapper"
      },
      {
        "kind": "Import",
        "name": "WortiseSDK",
        "printedName": "WortiseSDK",
        "declKind": "Import",
        "moduleName": "WortiseIosWrapper"
      },
      {
        "kind": "Import",
        "name": "UIKit",
        "printedName": "UIKit",
        "declKind": "Import",
        "moduleName": "WortiseIosWrapper"
      },
      {
        "kind": "Function",
        "name": "InitializeWortise",
        "printedName": "InitializeWortise(assetKey:testMode:contentRating:onInitialized:)",
        "children": [
          {
            "kind": "TypeNominal",
            "name": "Void",
            "printedName": "()"
          },
          {
            "kind": "TypeNominal",
            "name": "UnsafePointer",
            "printedName": "Swift.UnsafePointer<Swift.Int8>",
            "children": [
              {
                "kind": "TypeNominal",
                "name": "Int8",
                "printedName": "Swift.Int8",
                "usr": "s:s4Int8V"
              }
            ],
            "usr": "s:SP"
          },
          {
            "kind": "TypeNominal",
            "name": "Int32",
            "printedName": "Swift.Int32",
            "usr": "s:s5Int32V"
          },
          {
            "kind": "TypeNominal",
            "name": "UnsafePointer",
            "printedName": "Swift.UnsafePointer<Swift.Int8>",
            "children": [
              {
                "kind": "TypeNominal",
                "name": "Int8",
                "printedName": "Swift.Int8",
                "usr": "s:s4Int8V"
              }
            ],
            "usr": "s:SP"
          },
          {
            "kind": "TypeFunc",
            "name": "Function",
            "printedName": "() -> ()",
            "children": [
              {
                "kind": "TypeNominal",
                "name": "Void",
                "printedName": "()"
              },
              {
                "kind": "TypeNominal",
                "name": "Void",
                "printedName": "()"
              }
            ]
          }
        ],
        "declKind": "Func",
        "usr": "c:(cm)InitializeWortiseWithAssetKey:testMode:contentRating:onInitialized:",
        "mangledName": "$s17WortiseIosWrapper010InitializeA08assetKey8testMode13contentRating13onInitializedySPys4Int8VG_s5Int32VAIyyXCtF",
        "moduleName": "WortiseIosWrapper",
        "declAttributes": [
          "AccessControl",
          "CDecl"
        ],
        "funcSelfKind": "NonMutating"
      },
      {
        "kind": "Function",
        "name": "RequestConsentIfRequired",
        "printedName": "RequestConsentIfRequired()",
        "children": [
          {
            "kind": "TypeNominal",
            "name": "Void",
            "printedName": "()"
          }
        ],
        "declKind": "Func",
        "usr": "c:(cm)RequestConsentIfRequired",
        "mangledName": "$s17WortiseIosWrapper24RequestConsentIfRequiredyyF",
        "moduleName": "WortiseIosWrapper",
        "declAttributes": [
          "AccessControl",
          "CDecl"
        ],
        "funcSelfKind": "NonMutating"
      },
      {
        "kind": "Function",
        "name": "LoadAppOpen",
        "printedName": "LoadAppOpen(adID:onLoaded:onFailedToLoad:onDismissed:)",
        "children": [
          {
            "kind": "TypeNominal",
            "name": "Void",
            "printedName": "()"
          },
          {
            "kind": "TypeNominal",
            "name": "UnsafePointer",
            "printedName": "Swift.UnsafePointer<Swift.Int8>",
            "children": [
              {
                "kind": "TypeNominal",
                "name": "Int8",
                "printedName": "Swift.Int8",
                "usr": "s:s4Int8V"
              }
            ],
            "usr": "s:SP"
          },
          {
            "kind": "TypeFunc",
            "name": "Function",
            "printedName": "() -> ()",
            "children": [
              {
                "kind": "TypeNominal",
                "name": "Void",
                "printedName": "()"
              },
              {
                "kind": "TypeNominal",
                "name": "Void",
                "printedName": "()"
              }
            ]
          },
          {
            "kind": "TypeFunc",
            "name": "Function",
            "printedName": "() -> ()",
            "children": [
              {
                "kind": "TypeNominal",
                "name": "Void",
                "printedName": "()"
              },
              {
                "kind": "TypeNominal",
                "name": "Void",
                "printedName": "()"
              }
            ]
          },
          {
            "kind": "TypeFunc",
            "name": "Function",
            "printedName": "() -> ()",
            "children": [
              {
                "kind": "TypeNominal",
                "name": "Void",
                "printedName": "()"
              },
              {
                "kind": "TypeNominal",
                "name": "Void",
                "printedName": "()"
              }
            ]
          }
        ],
        "declKind": "Func",
        "usr": "c:(cm)LoadAppOpenWithAdID:onLoaded:onFailedToLoad:onDismissed:",
        "mangledName": "$s17WortiseIosWrapper11LoadAppOpen4adID8onLoaded0i8FailedToD00I9DismissedySPys4Int8VG_yyXCyyXCyyXCtF",
        "moduleName": "WortiseIosWrapper",
        "declAttributes": [
          "AccessControl",
          "CDecl"
        ],
        "funcSelfKind": "NonMutating"
      },
      {
        "kind": "Function",
        "name": "ShowAppOpen",
        "printedName": "ShowAppOpen()",
        "children": [
          {
            "kind": "TypeNominal",
            "name": "Void",
            "printedName": "()"
          }
        ],
        "declKind": "Func",
        "usr": "c:(cm)ShowAppOpen",
        "mangledName": "$s17WortiseIosWrapper11ShowAppOpenyyF",
        "moduleName": "WortiseIosWrapper",
        "declAttributes": [
          "AccessControl",
          "CDecl"
        ],
        "funcSelfKind": "NonMutating"
      },
      {
        "kind": "Function",
        "name": "IsAppOpenAvailable",
        "printedName": "IsAppOpenAvailable()",
        "children": [
          {
            "kind": "TypeNominal",
            "name": "Int32",
            "printedName": "Swift.Int32",
            "usr": "s:s5Int32V"
          }
        ],
        "declKind": "Func",
        "usr": "c:(cm)IsAppOpenAvailable",
        "mangledName": "$s17WortiseIosWrapper18IsAppOpenAvailables5Int32VyF",
        "moduleName": "WortiseIosWrapper",
        "declAttributes": [
          "AccessControl",
          "CDecl"
        ],
        "funcSelfKind": "NonMutating"
      },
      {
        "kind": "Function",
        "name": "InitializeBanner",
        "printedName": "InitializeBanner(adID:bannerPosition:refreshSecs:onImpression:onFailedToLoad:)",
        "children": [
          {
            "kind": "TypeNominal",
            "name": "Void",
            "printedName": "()"
          },
          {
            "kind": "TypeNominal",
            "name": "UnsafePointer",
            "printedName": "Swift.UnsafePointer<Swift.Int8>",
            "children": [
              {
                "kind": "TypeNominal",
                "name": "Int8",
                "printedName": "Swift.Int8",
                "usr": "s:s4Int8V"
              }
            ],
            "usr": "s:SP"
          },
          {
            "kind": "TypeNominal",
            "name": "UnsafePointer",
            "printedName": "Swift.UnsafePointer<Swift.Int8>",
            "children": [
              {
                "kind": "TypeNominal",
                "name": "Int8",
                "printedName": "Swift.Int8",
                "usr": "s:s4Int8V"
              }
            ],
            "usr": "s:SP"
          },
          {
            "kind": "TypeNominal",
            "name": "Double",
            "printedName": "Swift.Double",
            "usr": "s:Sd"
          },
          {
            "kind": "TypeFunc",
            "name": "Function",
            "printedName": "() -> ()",
            "children": [
              {
                "kind": "TypeNominal",
                "name": "Void",
                "printedName": "()"
              },
              {
                "kind": "TypeNominal",
                "name": "Void",
                "printedName": "()"
              }
            ]
          },
          {
            "kind": "TypeFunc",
            "name": "Function",
            "printedName": "() -> ()",
            "children": [
              {
                "kind": "TypeNominal",
                "name": "Void",
                "printedName": "()"
              },
              {
                "kind": "TypeNominal",
                "name": "Void",
                "printedName": "()"
              }
            ]
          }
        ],
        "declKind": "Func",
        "usr": "c:(cm)InitializeBannerWithAdID:bannerPosition:refreshSecs:onImpression:onFailedToLoad:",
        "mangledName": "$s17WortiseIosWrapper16InitializeBanner4adID14bannerPosition11refreshSecs12onImpression0L12FailedToLoadySPys4Int8VG_AJSdyyXCyyXCtF",
        "moduleName": "WortiseIosWrapper",
        "declAttributes": [
          "AccessControl",
          "CDecl"
        ],
        "funcSelfKind": "NonMutating"
      },
      {
        "kind": "Function",
        "name": "LoadAndShowBanner",
        "printedName": "LoadAndShowBanner(paddingPx:)",
        "children": [
          {
            "kind": "TypeNominal",
            "name": "Void",
            "printedName": "()"
          },
          {
            "kind": "TypeNominal",
            "name": "Int32",
            "printedName": "Swift.Int32",
            "usr": "s:s5Int32V"
          }
        ],
        "declKind": "Func",
        "usr": "c:(cm)LoadAndShowBannerWithPaddingPx:",
        "mangledName": "$s17WortiseIosWrapper17LoadAndShowBanner9paddingPxys5Int32V_tF",
        "moduleName": "WortiseIosWrapper",
        "declAttributes": [
          "AccessControl",
          "CDecl"
        ],
        "funcSelfKind": "NonMutating"
      },
      {
        "kind": "Function",
        "name": "IsBannerLoading",
        "printedName": "IsBannerLoading()",
        "children": [
          {
            "kind": "TypeNominal",
            "name": "Int32",
            "printedName": "Swift.Int32",
            "usr": "s:s5Int32V"
          }
        ],
        "declKind": "Func",
        "usr": "c:(cm)IsBannerLoading",
        "mangledName": "$s17WortiseIosWrapper15IsBannerLoadings5Int32VyF",
        "moduleName": "WortiseIosWrapper",
        "declAttributes": [
          "AccessControl",
          "CDecl"
        ],
        "funcSelfKind": "NonMutating"
      },
      {
        "kind": "Function",
        "name": "DestroyBanner",
        "printedName": "DestroyBanner()",
        "children": [
          {
            "kind": "TypeNominal",
            "name": "Void",
            "printedName": "()"
          }
        ],
        "declKind": "Func",
        "usr": "c:(cm)DestroyBanner",
        "mangledName": "$s17WortiseIosWrapper13DestroyBanneryyF",
        "moduleName": "WortiseIosWrapper",
        "declAttributes": [
          "AccessControl",
          "CDecl"
        ],
        "funcSelfKind": "NonMutating"
      },
      {
        "kind": "Function",
        "name": "GetBannerAdPixelHeight",
        "printedName": "GetBannerAdPixelHeight()",
        "children": [
          {
            "kind": "TypeNominal",
            "name": "Int32",
            "printedName": "Swift.Int32",
            "usr": "s:s5Int32V"
          }
        ],
        "declKind": "Func",
        "usr": "c:(cm)GetBannerAdPixelHeight",
        "mangledName": "$s17WortiseIosWrapper22GetBannerAdPixelHeights5Int32VyF",
        "moduleName": "WortiseIosWrapper",
        "declAttributes": [
          "AccessControl",
          "CDecl"
        ],
        "funcSelfKind": "NonMutating"
      },
      {
        "kind": "Function",
        "name": "LoadInterstitialAd",
        "printedName": "LoadInterstitialAd(adID:onLoaded:onFailedToLoad:onFailedToShow:onDismissed:)",
        "children": [
          {
            "kind": "TypeNominal",
            "name": "Void",
            "printedName": "()"
          },
          {
            "kind": "TypeNominal",
            "name": "UnsafePointer",
            "printedName": "Swift.UnsafePointer<Swift.Int8>",
            "children": [
              {
                "kind": "TypeNominal",
                "name": "Int8",
                "printedName": "Swift.Int8",
                "usr": "s:s4Int8V"
              }
            ],
            "usr": "s:SP"
          },
          {
            "kind": "TypeFunc",
            "name": "Function",
            "printedName": "() -> ()",
            "children": [
              {
                "kind": "TypeNominal",
                "name": "Void",
                "printedName": "()"
              },
              {
                "kind": "TypeNominal",
                "name": "Void",
                "printedName": "()"
              }
            ]
          },
          {
            "kind": "TypeFunc",
            "name": "Function",
            "printedName": "() -> ()",
            "children": [
              {
                "kind": "TypeNominal",
                "name": "Void",
                "printedName": "()"
              },
              {
                "kind": "TypeNominal",
                "name": "Void",
                "printedName": "()"
              }
            ]
          },
          {
            "kind": "TypeFunc",
            "name": "Function",
            "printedName": "() -> ()",
            "children": [
              {
                "kind": "TypeNominal",
                "name": "Void",
                "printedName": "()"
              },
              {
                "kind": "TypeNominal",
                "name": "Void",
                "printedName": "()"
              }
            ]
          },
          {
            "kind": "TypeFunc",
            "name": "Function",
            "printedName": "() -> ()",
            "children": [
              {
                "kind": "TypeNominal",
                "name": "Void",
                "printedName": "()"
              },
              {
                "kind": "TypeNominal",
                "name": "Void",
                "printedName": "()"
              }
            ]
          }
        ],
        "declKind": "Func",
        "usr": "c:(cm)LoadInterstitialAdWithAdID:onLoaded:onFailedToLoad:onFailedToShow:onDismissed:",
        "mangledName": "$s17WortiseIosWrapper18LoadInterstitialAd4adID8onLoaded0i8FailedToD00ikL4Show0I9DismissedySPys4Int8VG_yyXCyyXCyyXCyyXCtF",
        "moduleName": "WortiseIosWrapper",
        "declAttributes": [
          "AccessControl",
          "CDecl"
        ],
        "funcSelfKind": "NonMutating"
      },
      {
        "kind": "Function",
        "name": "ShowInterstitial",
        "printedName": "ShowInterstitial()",
        "children": [
          {
            "kind": "TypeNominal",
            "name": "Void",
            "printedName": "()"
          }
        ],
        "declKind": "Func",
        "usr": "c:(cm)ShowInterstitial",
        "mangledName": "$s17WortiseIosWrapper16ShowInterstitialyyF",
        "moduleName": "WortiseIosWrapper",
        "declAttributes": [
          "AccessControl",
          "CDecl"
        ],
        "funcSelfKind": "NonMutating"
      },
      {
        "kind": "Function",
        "name": "IsInterstitialAvailable",
        "printedName": "IsInterstitialAvailable()",
        "children": [
          {
            "kind": "TypeNominal",
            "name": "Int32",
            "printedName": "Swift.Int32",
            "usr": "s:s5Int32V"
          }
        ],
        "declKind": "Func",
        "usr": "c:(cm)IsInterstitialAvailable",
        "mangledName": "$s17WortiseIosWrapper23IsInterstitialAvailables5Int32VyF",
        "moduleName": "WortiseIosWrapper",
        "declAttributes": [
          "AccessControl",
          "CDecl"
        ],
        "funcSelfKind": "NonMutating"
      },
      {
        "kind": "Function",
        "name": "LoadRewardedAd",
        "printedName": "LoadRewardedAd(adID:onLoaded:onFailedToLoad:onFailedToShow:onDismissed:onCompletedAd:)",
        "children": [
          {
            "kind": "TypeNominal",
            "name": "Void",
            "printedName": "()"
          },
          {
            "kind": "TypeNominal",
            "name": "UnsafePointer",
            "printedName": "Swift.UnsafePointer<Swift.Int8>",
            "children": [
              {
                "kind": "TypeNominal",
                "name": "Int8",
                "printedName": "Swift.Int8",
                "usr": "s:s4Int8V"
              }
            ],
            "usr": "s:SP"
          },
          {
            "kind": "TypeFunc",
            "name": "Function",
            "printedName": "() -> ()",
            "children": [
              {
                "kind": "TypeNominal",
                "name": "Void",
                "printedName": "()"
              },
              {
                "kind": "TypeNominal",
                "name": "Void",
                "printedName": "()"
              }
            ]
          },
          {
            "kind": "TypeFunc",
            "name": "Function",
            "printedName": "() -> ()",
            "children": [
              {
                "kind": "TypeNominal",
                "name": "Void",
                "printedName": "()"
              },
              {
                "kind": "TypeNominal",
                "name": "Void",
                "printedName": "()"
              }
            ]
          },
          {
            "kind": "TypeFunc",
            "name": "Function",
            "printedName": "() -> ()",
            "children": [
              {
                "kind": "TypeNominal",
                "name": "Void",
                "printedName": "()"
              },
              {
                "kind": "TypeNominal",
                "name": "Void",
                "printedName": "()"
              }
            ]
          },
          {
            "kind": "TypeFunc",
            "name": "Function",
            "printedName": "() -> ()",
            "children": [
              {
                "kind": "TypeNominal",
                "name": "Void",
                "printedName": "()"
              },
              {
                "kind": "TypeNominal",
                "name": "Void",
                "printedName": "()"
              }
            ]
          },
          {
            "kind": "TypeFunc",
            "name": "Function",
            "printedName": "() -> ()",
            "children": [
              {
                "kind": "TypeNominal",
                "name": "Void",
                "printedName": "()"
              },
              {
                "kind": "TypeNominal",
                "name": "Void",
                "printedName": "()"
              }
            ]
          }
        ],
        "declKind": "Func",
        "usr": "c:(cm)LoadRewardedAdWithAdID:onLoaded:onFailedToLoad:onFailedToShow:onDismissed:onCompletedAd:",
        "mangledName": "$s17WortiseIosWrapper14LoadRewardedAd4adID8onLoaded0i8FailedToD00ikL4Show0I9Dismissed0i9CompletedF0ySPys4Int8VG_yyXCyyXCyyXCyyXCyyXCtF",
        "moduleName": "WortiseIosWrapper",
        "declAttributes": [
          "AccessControl",
          "CDecl"
        ],
        "funcSelfKind": "NonMutating"
      },
      {
        "kind": "Function",
        "name": "ShowRewarded",
        "printedName": "ShowRewarded()",
        "children": [
          {
            "kind": "TypeNominal",
            "name": "Void",
            "printedName": "()"
          }
        ],
        "declKind": "Func",
        "usr": "c:(cm)ShowRewarded",
        "mangledName": "$s17WortiseIosWrapper12ShowRewardedyyF",
        "moduleName": "WortiseIosWrapper",
        "declAttributes": [
          "AccessControl",
          "CDecl"
        ],
        "funcSelfKind": "NonMutating"
      },
      {
        "kind": "Function",
        "name": "IsRewardedAvailable",
        "printedName": "IsRewardedAvailable()",
        "children": [
          {
            "kind": "TypeNominal",
            "name": "Int32",
            "printedName": "Swift.Int32",
            "usr": "s:s5Int32V"
          }
        ],
        "declKind": "Func",
        "usr": "c:(cm)IsRewardedAvailable",
        "mangledName": "$s17WortiseIosWrapper19IsRewardedAvailables5Int32VyF",
        "moduleName": "WortiseIosWrapper",
        "declAttributes": [
          "AccessControl",
          "CDecl"
        ],
        "funcSelfKind": "NonMutating"
      },
      {
        "kind": "Import",
        "name": "Foundation",
        "printedName": "Foundation",
        "declKind": "Import",
        "moduleName": "WortiseIosWrapper"
      },
      {
        "kind": "Import",
        "name": "WortiseSDK",
        "printedName": "WortiseSDK",
        "declKind": "Import",
        "moduleName": "WortiseIosWrapper"
      },
      {
        "kind": "Import",
        "name": "UIKit",
        "printedName": "UIKit",
        "declKind": "Import",
        "moduleName": "WortiseIosWrapper"
      }
    ],
    "json_format_version": 8
  },
  "ConstValues": [
    {
      "filePath": "\/Users\/jasperdev\/Desktop\/WortiseIosWrapper\/WortiseIosWrapper\/WortiseBanner.swift",
      "kind": "StringLiteral",
      "offset": 256,
      "length": 2,
      "value": "\"\""
    }
  ]
}